rand100	market_first_full_sort	http	1	223124	-2104666977	0.11	83.9	0	0	1 63557491 63557491
rand100	market_first_patched	http	1	223124	-2104666977	0.08	71.6	0	0	1 61829025 61829025
rand100	time_first_stock	http	1	223124	-2104666977	1.6	1263.6	181406516	1	1 181863300 181863300
rand100	market_first_kway	http	1	223124	-2104666977	0.15	126.4	0	0	100 10385253 545333068
rand100	market_first_full_sort	grpc	1	223124	-2104666977	0.11	79.3	0	0	1 56638134 56638134
rand100	market_first_patched	grpc	1	223124	-2104666977	0.11	75.2	50564077	0	1 53579229 53579229
rand100	time_first_stock	grpc	1	223124	-2104666977	1.85	912.3	154816330	1	1 154816330 154816330
rand100	market_first_kway	grpc	1	223124	-2104666977	0.12	100.2	0	0	100 6386526 75701171
rand100	market_first_full_sort	http	2	223124	-2104666977	0.1	69.8	0	0	1 62668864 62668864
rand100	market_first_patched	http	2	223124	-2104666977	0.08	71.6	0	0	1 61825849 61825849
rand100	time_first_stock	http	2	223124	-2104666977	1.77	1445.5	176705749	1	1 178341703 178341703
rand100	market_first_kway	http	2	223124	-2104666977	0.14	112.4	0	0	100 10382837 542274140
rand100	market_first_full_sort	grpc	2	223124	-2104666977	0.11	80.0	0	0	1 56921681 56921681
rand100	market_first_patched	grpc	2	223124	-2104666977	0.1	69.5	0	0	1 53579229 53579229
rand100	time_first_stock	grpc	2	223124	-2104666977	1.83	981.5	145699487	1	1 148275590 148275590
rand100	market_first_kway	grpc	2	223124	-2104666977	0.11	93.0	0	0	100 6452301 74892614
rand100	market_first_full_sort	http	3	223124	-2104666977	0.09	73.5	0	0	1 63280873 63280873
rand100	market_first_patched	http	3	223124	-2104666977	0.08	76.7	0	0	1 61826921 61826921
rand100	time_first_stock	http	3	223124	-2104666977	1.92	1557.1	170936864	1	1 171987840 171987840
rand100	market_first_kway	http	3	223124	-2104666977	0.18	151.7	113752822	0	100 10448484 547625080
rand100	market_first_full_sort	grpc	3	223124	-2104666977	0.1	77.9	56632358	0	1 57228517 57228517
rand100	market_first_patched	grpc	3	223124	-2104666977	0.11	80.5	52825349	0	1 53579221 53579221
rand100	time_first_stock	grpc	3	223124	-2104666977	2.01	984.9	153920808	1	1 155448839 155448839
rand100	market_first_kway	grpc	3	223124	-2104666977	0.12	98.9	0	0	100 6452429 74396112
rand500	market_first_full_sort	http	1	642213	-434747265	0.27	157.2	155211515	1	1 187104635 187104635
rand500	market_first_patched	http	1	642213	-434747265	0.27	218.1	13743954	1	1 190250732 190250732
rand500	time_first_stock	http	1	642213	-434747265	1.67	1326.2	179206164	1	1 180902826 180902826
rand500	market_first_kway	http	1	642213	-434747265	0.69	581.4	350088867	203	500 10383205 2693931591
rand500	market_first_full_sort	grpc	1	642213	-434747265	0.26	147.9	139210338	1	1 168839030 168839030
rand500	market_first_patched	grpc	1	642213	-434747265	0.33	203.1	100920175	1	1 186458176 186458176
rand500	time_first_stock	grpc	1	642213	-434747265	1.9	899.9	158335609	1	1 159220820 159220820
rand500	market_first_kway	grpc	1	642213	-434747265	0.51	427.6	6573327	1	500 6384158 276406024
rand500	market_first_full_sort	http	2	642213	-434747265	0.27	148.1	147274573	1	1 184626026 184626026
rand500	market_first_patched	http	2	642213	-434747265	0.26	214.0	47827324	1	1 190782812 190782812
rand500	time_first_stock	http	2	642213	-434747265	1.99	1560.9	173886368	1	1 174289072 174289072
rand500	market_first_kway	http	2	642213	-434747265	0.59	481.8	207470296	121	500 10382469 2690525217
rand500	market_first_full_sort	grpc	2	642213	-434747265	0.26	144.6	145148099	1	1 169744866 169744866
rand500	market_first_patched	grpc	2	642213	-434747265	0.31	207.6	23238294	1	1 170067204 170067204
rand500	time_first_stock	grpc	2	642213	-434747265	2.01	1111.2	158139472	1	1 162199395 162199395
rand500	market_first_kway	grpc	2	642213	-434747265	0.4	351.4	2102904	1	500 6385934 275599635
rand500	market_first_full_sort	http	3	642213	-434747265	0.25	139.0	141772256	1	1 184072256 184072256
rand500	market_first_patched	http	3	642213	-434747265	0.26	215.6	58653340	1	1 183060466 183060466
rand500	time_first_stock	http	3	642213	-434747265	1.83	1485.5	178515938	1	1 179319795 179319795
rand500	market_first_kway	http	3	642213	-434747265	0.57	456.3	262689168	152	500 9050931 2700438881
rand500	market_first_full_sort	grpc	3	642213	-434747265	0.26	158.8	143943682	1	1 168651946 168651946
rand500	market_first_patched	grpc	3	642213	-434747265	0.32	220.4	18803562	1	1 169348798 169348798
rand500	time_first_stock	grpc	3	642213	-434747265	2.03	1064.9	157897082	1	1 163210117 163210117
rand500	market_first_kway	grpc	3	642213	-434747265	0.44	364.8	55429933	1	500 6386574 281926906
top500	market_first_full_sort	http	1	55394381	-581773621	11.35	900.2	1499540944	1	1 1502342769 1502342769
top500	market_first_patched	http	1	55394381	-581773621	5.2	335.9	948864691	1	1 960611877 960611877
top500	time_first_stock	http	1	55394381	-581773621	13.96	319.4	424781957	1	1 427476221 427476221
top500	market_first_kway	http	1	55394381	-581773621	7.27	1879.9	2174169392	476	500 75784347 5014952927
top500	market_first_full_sort	grpc	1	55394381	-581773621	11.09	844.1	2273804625	1	1 2288957133 2288957133
top500	market_first_patched	grpc	1	55394381	-581773621	6.98	290.8	1416280657	1	1 1422750843 1422750843
top500	time_first_stock	grpc	1	55394381	-581773621	14.58	392.3	407814755	1	1 412471679 412471679
top500	market_first_kway	grpc	1	55394381	-581773621	7.31	2121.9	2167900232	1	500 55102707 3145400754
top500	market_first_full_sort	http	2	55394381	-581773621	10.42	779.1	1481532572	1	1 1486934901 1486934901
top500	market_first_patched	http	2	55394381	-581773621	5.28	328.7	952732554	1	1 961213705 961213705
top500	time_first_stock	http	2	55394381	-581773621	13.01	340.0	419947390	1	1 421440702 421440702
top500	market_first_kway	http	2	55394381	-581773621	8.08	2137.2	3085265633	500	500 79957177 5092214171
top500	market_first_full_sort	grpc	2	55394381	-581773621	11.33	880.8	2218236383	1	1 2237026712 2237026712
top500	market_first_patched	grpc	2	55394381	-581773621	8.02	322.5	1433743267	1	1 1444941773 1444941773
top500	time_first_stock	grpc	2	55394381	-581773621	13.91	325.6	423351656	1	1 423351656 423351656
top500	market_first_kway	grpc	2	55394381	-581773621	6.44	2171.9	1881716221	1	500 57170987 3123711137
top500	market_first_full_sort	http	3	55394381	-581773621	10.7	814.8	1486710662	1	1 1493806058 1493806058
top500	market_first_patched	http	3	55394381	-581773621	5.13	339.4	951969727	1	1 957438769 957438769
top500	time_first_stock	http	3	55394381	-581773621	14.09	336.2	438922612	1	1 445172280 445172280
top500	market_first_kway	http	3	55394381	-581773621	6.35	2057.0	2270713301	500	500 70405884 5140949427
top500	market_first_full_sort	grpc	3	55394381	-581773621	11.44	919.4	2245234434	1	1 2249767092 2249767092
top500	market_first_patched	grpc	3	55394381	-581773621	7.47	335.3	1435203694	1	1 1439429375 1439429375
top500	time_first_stock	grpc	3	55394381	-581773621	13.87	314.8	397984245	1	1 406319378 406319378
top500	market_first_kway	grpc	3	55394381	-581773621	6.93	2097.0	2377554905	1	500 45158321 3102805865
rand2000	market_first_full_sort	http	1	2765540	-1321458129	0.94	350.3	231092328	1	1 249516317 249516317
rand2000	market_first_patched	http	1	2765540	-1321458129	1.06	697.9	307606492	1	1 332339275 332339275
rand2000	time_first_stock	http	1	2765540	-1321458129	1.94	1508.9	221197464	1	1 228195455 228195455
rand2000	market_first_kway	http	1	2765540	-1321458129	2.02	1715.3	206883050	198	2000 12282956 10736059020
rand2000	market_first_full_sort	grpc	1	2765540	-1321458129	0.85	327.3	219648625	1	1 231498160 231498160
rand2000	market_first_patched	grpc	1	2765540	-1321458129	1.18	683.2	302953364	1	1 327652717 327652717
rand2000	time_first_stock	grpc	1	2765540	-1321458129	2.49	1020.8	194081577	1	1 204516348 204516348
rand2000	market_first_kway	grpc	1	2765540	-1321458129	2.01	1491.4	71874706	1	2000 6567183 719220877
rand2000	market_first_full_sort	http	2	2765540	-1321458129	0.98	331.1	234876192	1	1 255742864 255742864
rand2000	market_first_patched	http	2	2765540	-1321458129	1.05	700.4	300430712	1	1 328330137 328330137
rand2000	time_first_stock	http	2	2765540	-1321458129	1.89	1440.2	217586617	1	1 224638775 224638775
rand2000	market_first_kway	http	2	2765540	-1321458129	2.06	1700.1	503556319	141	2000 12081603 10744928243
rand2000	market_first_full_sort	grpc	2	2765540	-1321458129	0.94	358.4	226389371	1	1 235156043 235156043
rand2000	market_first_patched	grpc	2	2765540	-1321458129	1.2	665.5	305291041	1	1 313150388 313150388
rand2000	time_first_stock	grpc	2	2765540	-1321458129	2.16	1071.2	197979875	1	1 205630446 205630446
rand2000	market_first_kway	grpc	2	2765540	-1321458129	1.97	1497.4	46968502	1	2000 6571327 725165923
rand2000	market_first_full_sort	http	3	2765540	-1321458129	0.98	338.1	223953385	1	1 249573007 249573007
rand2000	market_first_patched	http	3	2765540	-1321458129	1.02	678.0	299023301	1	1 322209929 322209929
rand2000	time_first_stock	http	3	2765540	-1321458129	1.97	1565.2	215280208	1	1 219373716 219373716
rand2000	market_first_kway	http	3	2765540	-1321458129	2.19	1754.4	426378507	216	2000 11601037 10731061051
rand2000	market_first_full_sort	grpc	3	2765540	-1321458129	0.85	304.4	231094262	1	1 235745856 235745856
rand2000	market_first_patched	grpc	3	2765540	-1321458129	1.14	661.1	296093972	1	1 312566351 312566351
rand2000	time_first_stock	grpc	3	2765540	-1321458129	2.18	1179.2	209977806	1	1 217489652 217489652
rand2000	market_first_kway	grpc	3	2765540	-1321458129	1.96	1505.6	24308566	1	2000 7091447 722477507
rand5000	market_first_full_sort	http	1	8564561	1492486909	2.4	647.2	407750129	1	1 409550754 409550754
rand5000	market_first_patched	http	1	8564561	1492486909	2.97	1460.2	597091088	1	1 681422929 681422929
rand5000	time_first_stock	http	1	8564561	1492486909	2.21	1556.8	351196969	1	1 361857938 361857938
rand5000	market_first_full_sort	grpc	1	8564561	1492486909	2.22	557.4	481184890	1	1 483376494 483376494
rand5000	market_first_patched	grpc	1	8564561	1492486909	3.41	1549.0	590103661	1	1 663602172 663602172
rand5000	time_first_stock	grpc	1	8564561	1492486909	3.09	941.8	318786480	1	1 332301678 332301678
rand5000	market_first_kway	grpc	1	8564561	1492486909	4.1	3178.2	79611793	1	5000 12310211 1689946835
rand5000	market_first_full_sort	http	2	8564561	1492486909	2.58	685.6	409599559	1	1 411066375 411066375
rand5000	market_first_patched	http	2	8564561	1492486909	3.02	1549.3	593643353	1	1 673234677 673234677
rand5000	time_first_stock	http	2	8564561	1492486909	2.07	1509.2	335990817	1	1 363796732 363796732
rand5000	market_first_full_sort	grpc	2	8564561	1492486909	2.23	578.9	463324935	1	1 483839492 483839492
rand5000	market_first_patched	grpc	2	8564561	1492486909	3.27	1501.6	585500396	1	1 675018778 675018778
rand5000	time_first_stock	grpc	2	8564561	1492486909	2.68	1092.4	330716777	1	1 330811097 330811097
rand5000	market_first_kway	grpc	2	8564561	1492486909	4.11	3164.0	61615012	1	5000 10781387 1677641439
rand5000	market_first_full_sort	http	3	8564561	1492486909	2.33	657.6	406689028	1	1 414332504 414332504
rand5000	market_first_patched	http	3	8564561	1492486909	2.57	1165.7	594886722	1	1 671119388 671119388
rand5000	time_first_stock	http	3	8564561	1492486909	2.03	1391.9	343069267	1	1 352513674 352513674
rand5000	market_first_full_sort	grpc	3	8564561	1492486909	2.23	551.3	468060955	1	1 481705993 481705993
rand5000	market_first_patched	grpc	3	8564561	1492486909	3.36	1617.8	657027241	1	1 663920331 663920331
rand5000	time_first_stock	grpc	3	8564561	1492486909	2.7	1051.2	330195084	1	1 331887142 331887142
rand5000	market_first_kway	grpc	3	8564561	1492486909	3.95	3010.8	64815481	1	5000 12313683 1697389522
