rand100	market_first_full_sort	http	1	223124	-2104666977	0.09	73.6	65638447	0	1 67853337 67853337
rand100	market_first_patched	http	1	223124	-2104666977	0.12	93.2	58194057	0	1 71809385 71809385
rand100	time_first_stock	http	1	223124	-2104666977	1.57	1323.9	175903977	1	1 194653081 194653081
rand100	market_first_kway	http	1	223124	-2104666977	0.12	101.9	0	0	100 10577135 560408599
rand100	market_first_full_sort	grpc	1	223124	-2104666977	0.08	66.8	0	0	1 61105190 61105190
rand100	market_first_patched	grpc	1	223124	-2104666977	0.12	86.5	59818112	0	1 60178300 60178300
rand100	time_first_stock	grpc	1	223124	-2104666977	1.72	806.9	172954950	1	1 178274731 178274731
rand100	market_first_kway	grpc	1	223124	-2104666977	0.08	69.4	0	0	100 7201102 98407737
rand100	market_first_full_sort	http	2	223124	-2104666977	0.1	75.7	60046806	0	1 67849305 67849305
rand100	market_first_patched	http	2	223124	-2104666977	0.11	95.5	54979663	0	1 71211083 71211083
rand100	time_first_stock	http	2	223124	-2104666977	1.72	1411.2	173669132	1	1 198525117 198525117
rand100	market_first_kway	http	2	223124	-2104666977	0.13	113.7	3390539	0	100 10577647 558203231
rand100	market_first_full_sort	grpc	2	223124	-2104666977	0.09	67.0	0	0	1 60331589 60331589
rand100	market_first_patched	grpc	2	223124	-2104666977	0.13	96.1	53558172	1	1 59047604 59047604
rand100	time_first_stock	grpc	2	223124	-2104666977	1.67	911.5	172902523	1	1 177469655 177469655
rand100	market_first_kway	grpc	2	223124	-2104666977	0.11	96.3	0	0	100 7266221 97447499
rand100	market_first_full_sort	http	3	223124	-2104666977	0.09	66.3	62059313	0	1 68812709 68812709
rand100	market_first_patched	http	3	223124	-2104666977	0.1	85.5	0	0	1 70910608 70910608
rand100	time_first_stock	http	3	223124	-2104666977	1.59	1355.6	177976597	1	1 195514419 195514419
rand100	market_first_kway	http	3	223124	-2104666977	0.15	131.0	0	0	100 9819031 558963009
rand100	market_first_full_sort	grpc	3	223124	-2104666977	0.1	72.4	60801812	0	1 60806340 60806340
rand100	market_first_patched	grpc	3	223124	-2104666977	0.13	97.9	57880077	0	1 61996397 61996397
rand100	time_first_stock	grpc	3	223124	-2104666977	1.66	819.8	169295694	1	1 177181482 177181482
rand100	market_first_kway	grpc	3	223124	-2104666977	0.12	93.1	0	0	100 7201630 99737790
rand500	market_first_full_sort	http	1	642213	-434747265	0.32	198.5	164603700	1	1 195755113 195755113
rand500	market_first_patched	http	1	642213	-434747265	0.39	228.9	125281643	1	1 203437693 203437693
rand500	time_first_stock	http	1	642213	-434747265	1.98	1608.1	183607876	1	1 203275116 203275116
rand500	market_first_kway	http	1	642213	-434747265	0.66	566.2	389116430	244	500 10577215 2769769763
rand500	market_first_full_sort	grpc	1	642213	-434747265	0.27	164.9	145203784	1	1 176029770 176029770
rand500	market_first_patched	grpc	1	642213	-434747265	0.51	259.2	185114230	1	1 186264333 186264333
rand500	time_first_stock	grpc	1	642213	-434747265	1.94	1021.1	182201880	1	1 185715632 185715632
rand500	market_first_kway	grpc	1	642213	-434747265	0.42	363.7	85275315	1	500 7201550 376472428
rand500	market_first_full_sort	http	2	642213	-434747265	0.28	154.7	158086588	1	1 192784510 192784510
rand500	market_first_patched	http	2	642213	-434747265	0.47	250.4	192625966	1	1 203314935 203314935
rand500	time_first_stock	http	2	642213	-434747265	1.54	1208.9	198449998	1	1 204418724 204418724
rand500	market_first_kway	http	2	642213	-434747265	0.66	582.6	413055265	203	500 10382117 2769038931
rand500	market_first_full_sort	grpc	2	642213	-434747265	0.26	156.5	161904673	1	1 176866076 176866076
rand500	market_first_patched	grpc	2	642213	-434747265	0.5	238.8	182867244	1	1 186132781 186132781
rand500	time_first_stock	grpc	2	642213	-434747265	1.96	1071.7	178860334	1	1 184980656 184980656
rand500	market_first_kway	grpc	2	642213	-434747265	0.34	287.5	0	1	500 7201550 366393435
rand500	market_first_full_sort	http	3	642213	-434747265	0.25	129.2	163621282	1	1 194621190 194621190
rand500	market_first_patched	http	3	642213	-434747265	0.42	210.9	201331054	1	1 205410013 205410013
rand500	time_first_stock	http	3	642213	-434747265	1.79	1442.5	196821770	1	1 205366068 205366068
rand500	market_first_kway	http	3	642213	-434747265	0.57	507.2	49200866	320	500 10814347 2772392811
rand500	market_first_full_sort	grpc	3	642213	-434747265	0.24	142.5	160038240	1	1 175249968 175249968
rand500	market_first_patched	grpc	3	642213	-434747265	0.45	228.4	181413190	1	1 187880137 187880137
rand500	time_first_stock	grpc	3	642213	-434747265	1.94	902.7	177380858	1	1 185924991 185924991
rand500	market_first_kway	grpc	3	642213	-434747265	0.48	380.5	11011574	1	500 7201566 372774404
top500	market_first_full_sort	http	1	55394381	-581773621	10.04	909.9	1521909472	1	1 1522643560 1522643560
top500	market_first_patched	http	1	55394381	-581773621	22.62	636.4	1461465951	1	1 1470509818 1470509818
top500	time_first_stock	http	1	55394381	-581773621	11.59	308.2	448255511	1	1 450881972 450881972
top500	market_first_kway	http	1	55394381	-581773621	6.86	1837.5	2537586078	497	500 57872099 5321581893
top500	market_first_full_sort	grpc	1	55394381	-581773621	10.86	782.2	2309134401	1	1 2314875607 2314875607
top500	market_first_patched	grpc	1	55394381	-581773621	21.79	674.0	1659688856	1	1 1663104504 1663104504
top500	time_first_stock	grpc	1	55394381	-581773621	12.21	304.8	430405961	1	1 433018625 433018625
top500	market_first_kway	grpc	1	55394381	-581773621	6.5	1858.4	2204304943	1	500 52228191 3244086844
top500	market_first_full_sort	http	2	55394381	-581773621	10.1	739.8	1512000175	1	1 1512982597 1512982597
top500	market_first_patched	http	2	55394381	-581773621	19.55	689.6	1464652772	1	1 1473943180 1473943180
top500	time_first_stock	http	2	55394381	-581773621	10.51	290.2	448515381	1	1 452022717 452022717
top500	market_first_kway	http	2	55394381	-581773621	6.64	1709.5	2529625756	498	500 83577988 5316187725
top500	market_first_full_sort	grpc	2	55394381	-581773621	10.86	837.8	2225071094	1	1 2269041262 2269041262
top500	market_first_patched	grpc	2	55394381	-581773621	20.7	747.7	1663134238	1	1 1665305230 1665305230
top500	time_first_stock	grpc	2	55394381	-581773621	11.79	305.2	429913477	1	1 432392316 432392316
top500	market_first_kway	grpc	2	55394381	-581773621	6.91	2051.8	2100019705	1	500 40571596 3255937258
top500	market_first_full_sort	http	3	55394381	-581773621	10.19	763.8	1512116818	1	1 1513520162 1513520162
top500	market_first_patched	http	3	55394381	-581773621	21.12	731.7	1466935514	1	1 1469556457 1469556457
top500	time_first_stock	http	3	55394381	-581773621	11.08	291.8	447680106	1	1 451548244 451548244
top500	market_first_kway	http	3	55394381	-581773621	6.72	1755.6	2185416921	489	500 79090954 5300897423
top500	market_first_full_sort	grpc	3	55394381	-581773621	11.36	791.6	2298780340	1	1 2320141386 2320141386
top500	market_first_patched	grpc	3	55394381	-581773621	22.12	778.3	1655302894	1	1 1657473886 1657473886
top500	time_first_stock	grpc	3	55394381	-581773621	11.18	292.2	431536081	1	1 433901809 433901809
top500	market_first_kway	grpc	3	55394381	-581773621	6.49	1967.1	2287953618	1	500 45534397 3258705068
rand2000	market_first_full_sort	http	1	2765540	-1321458129	0.94	382.4	277941660	1	1 289917665 289917665
rand2000	market_first_patched	http	1	2765540	-1321458129	2.54	797.4	308896451	1	1 311467226 311467226
rand2000	time_first_stock	http	1	2765540	-1321458129	1.84	1478.4	234782618	1	1 251253246 251253246
rand2000	market_first_kway	http	1	2765540	-1321458129	2.17	1754.9	905008244	772	2000 13084272 10978268827
rand2000	market_first_full_sort	grpc	1	2765540	-1321458129	0.77	347.7	241609080	1	1 255595300 255595300
rand2000	market_first_patched	grpc	1	2765540	-1321458129	2.23	598.1	308318892	1	1 311311931 311311931
rand2000	time_first_stock	grpc	1	2765540	-1321458129	1.95	923.6	225022581	1	1 231725303 231725303
rand2000	market_first_kway	grpc	1	2765540	-1321458129	1.67	1361.7	26043775	1	2000 7421181 876062557
rand2000	market_first_full_sort	http	2	2765540	-1321458129	0.8	287.2	257031574	1	1 275701986 275701986
rand2000	market_first_patched	http	2	2765540	-1321458129	2.08	631.4	310108376	1	1 312210304 312210304
rand2000	time_first_stock	http	2	2765540	-1321458129	1.81	1422.0	227142181	1	1 249583187 249583187
rand2000	market_first_kway	http	2	2765540	-1321458129	2.25	1866.2	940588369	728	2000 12785419 10967682997
rand2000	market_first_full_sort	grpc	2	2765540	-1321458129	0.84	315.5	241366452	1	1 258967182 258967182
rand2000	market_first_patched	grpc	2	2765540	-1321458129	2.41	610.0	306022122	1	1 312477655 312477655
rand2000	time_first_stock	grpc	2	2765540	-1321458129	1.86	823.8	223815173	1	1 231011722 231011722
rand2000	market_first_kway	grpc	2	2765540	-1321458129	1.59	1212.5	52031564	1	2000 7314341 866173389
rand2000	market_first_full_sort	http	3	2765540	-1321458129	0.75	288.9	247920294	1	1 271650399 271650399
rand2000	market_first_patched	http	3	2765540	-1321458129	2.39	637.4	306068104	1	1 308796338 308796338
rand2000	time_first_stock	http	3	2765540	-1321458129	2.08	1602.8	229919549	1	1 252041150 252041150
rand2000	market_first_kway	http	3	2765540	-1321458129	2.64	2113.1	1558509940	884	2000 13145984 10989711446
rand2000	market_first_full_sort	grpc	3	2765540	-1321458129	0.82	305.6	245039264	1	1 256406306 256406306
rand2000	market_first_patched	grpc	3	2765540	-1321458129	2.39	649.9	307813982	1	1 311312139 311312139
rand2000	time_first_stock	grpc	3	2765540	-1321458129	2.09	888.4	218814001	1	1 229133183 229133183
rand2000	market_first_kway	grpc	3	2765540	-1321458129	1.61	1290.2	39279107	1	2000 7345390 876496448
rand5000	market_first_full_sort	http	1	8564561	1492486909	1.86	590.0	454768998	1	1 456618556 456618556
rand5000	market_first_patched	http	1	8564561	1492486909	8.7	1979.8	517600434	1	0 0 0
rand5000	time_first_stock	http	1	8564561	1492486909	1.88	1410.1	364112128	1	1 377049091 377049091
rand5000	market_first_full_sort	grpc	1	8564561	1492486909	2.07	523.5	489907143	1	1 504950263 504950263
rand5000	market_first_patched	grpc	1	8564561	1492486909	8.75	1716.9	602013750	1	1 612561845 612561845
rand5000	time_first_stock	grpc	1	8564561	1492486909	2.67	968.8	350066921	1	1 355283958 355283958
rand5000	market_first_kway	grpc	1	8564561	1492486909	4.01	2945.1	65036275	1	5000 14571935 1996117944
rand5000	market_first_full_sort	http	2	8564561	1492486909	2.1	608.1	435144148	1	1 436970076 436970076
rand5000	market_first_patched	http	2	8564561	1492486909	9.24	2030.1	518429733	1	1 520603066 520603066
rand5000	time_first_stock	http	2	8564561	1492486909	1.84	1376.7	345550416	1	1 376611984 376611984
rand5000	market_first_full_sort	grpc	2	8564561	1492486909	1.84	503.1	492970056	1	1 505676452 505676452
rand5000	market_first_patched	grpc	2	8564561	1492486909	9.59	1769.4	600635130	1	1 612562005 612562005
rand5000	time_first_stock	grpc	2	8564561	1492486909	2.71	1014.3	346745684	1	1 353004393 353004393
rand5000	market_first_kway	grpc	2	8564561	1492486909	3.96	3006.1	47031268	1	5000 13422359 1996455103
rand5000	market_first_full_sort	http	3	8564561	1492486909	2.33	648.0	433471988	1	1 435931594 435931594
rand5000	market_first_patched	http	3	8564561	1492486909	9.0	1703.3	515531304	1	0 0 0
rand5000	time_first_stock	http	3	8564561	1492486909	2.01	1406.5	360186740	1	1 370493482 370493482
rand5000	market_first_full_sort	grpc	3	8564561	1492486909	2.29	582.4	503103087	1	1 510570339 510570339
rand5000	market_first_patched	grpc	3	8564561	1492486909	10.43	2064.9	602454687	1	1 613077797 613077797
rand5000	time_first_stock	grpc	3	8564561	1492486909	2.75	973.1	328782764	1	1 348819461 348819461
rand5000	market_first_kway	grpc	3	8564561	1492486909	3.84	2898.8	76197105	1	5000 14561106 1985535260
